sabre.ct.comodo.com,16093956,7b560706d5d4fe5fc69bf55483fb13388efb0645b22a4c9fb044f60746979530,MIIFaTCCBFGgAwIBAgISA/kTBT194HX0GJ6s99bC+8GiMA0GCSqGSIb3DQEBCwUAMEoxCzAJBgNVBAYTAlVTMRYwFAYDVQQKEw1MZXQncyBFbmNyeXB0MSMwIQYDVQQDExpMZXQncyBFbmNyeXB0IEF1dGhvcml0eSBYMzAeFw0xNzEwMTIwMTQzMThaFw0xODAxMTAwMTQzMThaMBkxFzAVBgNVBAMTDmhvbWVwcm9qZWN0LmNsMIIBIjANBgkqhkiG9w0BAQEFAAOCAQ8AMIIBCgKCAQEAtMuV2Pnu7rh8473vBBVNmZ7JYPEDUBNfNOk/8mS0tNTnl+fypMvW5Q91lGMw/jj4/QavFL0m+qduEYQ+Xx6NRkGyHL9aslqngmBFWBsgQvdxa0LCy0PGRKzMzBfi8fmeTzOLRYLHAlGR5RZtumvs6B8Mi3WpAfFJoZ6ylBy2vYpahMSpoUlOmWRzCWR8lY+18Tlzd6wUz28T8dPW461y8XcUDI29MGnqkhvwuPxCrvpPcyb9dJmTtKR851J1oEUS+kyFTz0CeftL7+wlaQi7CsGrn7935X8UoOVJZxEiiAoe+A9OjfoE8vCZeG8JlWbu/Sxn6FhqYwKr14CkvqsF2wIDAQABo4ICeDCCAnQwDgYDVR0PAQH/BAQDAgWgMB0GA1UdJQQWMBQGCCsGAQUFBwMBBggrBgEFBQcDAjAMBgNVHRMBAf8EAjAAMB0GA1UdDgQWBBQXVkHTLl4W7U2rM8wp2g8nDVzAvzAfBgNVHSMEGDAWgBSoSmpjBH3duubRObemRWXv86jsoTBvBggrBgEFBQcBAQRjMGEwLgYIKwYBBQUHMAGGImh0dHA6Ly9vY3NwLmludC14My5sZXRzZW5jcnlwdC5vcmcwLwYIKwYBBQUHMAKGI2h0dHA6Ly9jZXJ0LmludC14My5sZXRzZW5jcnlwdC5vcmcvMIGCBgNVHREEezB5gg5ob21lcHJvamVjdC5jbIIcaG9tZXByb2plY3QudmFsdWVwcm9wZXJ0eS5jbIITbWFpbC5ob21lcHJvamVjdC5jbIISd3d3LmhvbWVwcm9qZWN0LmNsgiB3d3cuaG9tZXByb2plY3QudmFsdWVwcm9wZXJ0eS5jbDCB/gYDVR0gBIH2MIHzMAgGBmeBDAECATCB5gYLKwYBBAGC3xMBAQEwgdYwJgYIKwYBBQUHAgEWGmh0dHA6Ly9jcHMubGV0c2VuY3J5cHQub3JnMIGrBggrBgEFBQcCAjCBngyBm1RoaXMgQ2VydGlmaWNhdGUgbWF5IG9ubHkgYmUgcmVsaWVkIHVwb24gYnkgUmVseWluZyBQYXJ0aWVzIGFuZCBvbmx5IGluIGFjY29yZGFuY2Ugd2l0aCB0aGUgQ2VydGlmaWNhdGUgUG9saWN5IGZvdW5kIGF0IGh0dHBzOi8vbGV0c2VuY3J5cHQub3JnL3JlcG9zaXRvcnkvMA0GCSqGSIb3DQEBCwUAA4IBAQBUDp/JwvLQ3IhJCXq1bb4fsWYcospqyulyk71kSoAGyEXOzwR9tKIxU/o5s4MUyK+mQzx0cacZ5hsBteN+VfCu8QcPDpxANkslW4eRaCe4lCIL365fkXkp3hWBm43GHVx+St+XXxd2j+2wvr/MfgRmwVDo6YuU3tsHs4/JAk0iDy88JZAdObAnWaJzr1/GpAS6jfjiQSjbEmCqY24rbYWM5L6QHxZ5pdqpErH9q4UI16GbPd/636FALwVfApQ5KEn8klp3N2Suvx1CjI5uY8NZGVfqwmt6pD6VtZYFv4zZaX4EK2vaBKNJKxwo1zngtQcbREE/LX3dH/bq+wA2kQ/Q,homeproject.cl homeproject.valueproperty.cl mail.homeproject.cl www.homeproject.cl www.homeproject.valueproperty.cl,1507772598,1515548598
sabre.ct.comodo.com,16093957,01fa7521693914e50ee7460ec58273c90714e4f0ef02f5f68ba0418564de6c32,MIIEAzCCA6igAwIBAgIQHyzMwlpMDmYM57/j7HTuIjAKBggqhkjOPQQDAjCBkjELMAkGA1UEBhMCR0IxGzAZBgNVBAgTEkdyZWF0ZXIgTWFuY2hlc3RlcjEQMA4GA1UEBxMHU2FsZm9yZDEaMBgGA1UEChMRQ09NT0RPIENBIExpbWl0ZWQxODA2BgNVBAMTL0NPTU9ETyBFQ0MgRG9tYWluIFZhbGlkYXRpb24gU2VjdXJlIFNlcnZlciBDQSAyMB4XDTE3MDkwMzAwMDAwMFoXDTE4MDMxMjIzNTk1OVowbDEhMB8GA1UECxMYRG9tYWluIENvbnRyb2wgVmFsaWRhdGVkMSEwHwYDVQQLExhQb3NpdGl2ZVNTTCBNdWx0aS1Eb21haW4xJDAiBgNVBAMTG3NzbDQ3MTA5MC5jbG91ZGZsYXJlc3NsLmNvbTBZMBMGByqGSM49AgEGCCqGSM49AwEHA0IABFU+J/QCiCqagBaOrQWzleggu/gMy52kBPDEUbtt+tkSySCsEcPHOLKUZ6bFKze67iuWRiOVzhy4KegE/pKbCgijggIDMIIB/zAfBgNVHSMEGDAWgBRACWFn8LyDcU/eEggsb9TUK3Y9ljAdBgNVHQ4EFgQUXUmeSyTLyZLuFSBVhtRhHIbXgzkwDgYDVR0PAQH/BAQDAgeAMAwGA1UdEwEB/wQCMAAwHQYDVR0lBBYwFAYIKwYBBQUHAwEGCCsGAQUFBwMCME8GA1UdIARIMEYwOgYLKwYBBAGyMQECAgcwKzApBggrBgEFBQcCARYdaHR0cHM6Ly9zZWN1cmUuY29tb2RvLmNvbS9DUFMwCAYGZ4EMAQIBMFYGA1UdHwRPME0wS6BJoEeGRWh0dHA6Ly9jcmwuY29tb2RvY2E0LmNvbS9DT01PRE9FQ0NEb21haW5WYWxpZGF0aW9uU2VjdXJlU2VydmVyQ0EyLmNybDCBiAYIKwYBBQUHAQEEfDB6MFEGCCsGAQUFBzAChkVodHRwOi8vY3J0LmNvbW9kb2NhNC5jb20vQ09NT0RPRUNDRG9tYWluVmFsaWRhdGlvblNlY3VyZVNlcnZlckNBMi5jcnQwJQYIKwYBBQUHMAGGGWh0dHA6Ly9vY3NwLmNvbW9kb2NhNC5jb20wTAYDVR0RBEUwQ4Ibc3NsNDcxMDkwLmNsb3VkZmxhcmVzc2wuY29tghIqLmpvcm5hbGdnbi5jb20uYnKCEGpvcm5hbGdnbi5jb20uYnIwCgYIKoZIzj0EAwIDSQAwRgIhAMCXn4chOreUSW7M/j+z2d+W4GSziwF8nsiIMo4PfBDMAiEA0Wp2mKClDeF7gjJ982NzN9iQt5zQe54ow41oSKaoT0g=,ssl471090.cloudflaressl.com *.jornalggn.com.br jornalggn.com.br,1504396800,1520899199
sabre.ct.comodo.com,16093958,7b560706d5d4fe5fc69bf55483fb13388efb0645b22a4c9fb044f60746979530,MIIFGTCCBAGgAwIBAgISA2EMcgHjmdXlRSets0Sxpr8eMA0GCSqGSIb3DQEBCwUAMEoxCzAJBgNVBAYTAlVTMRYwFAYDVQQKEw1MZXQncyBFbmNyeXB0MSMwIQYDVQQDExpMZXQncyBFbmNyeXB0IEF1dGhvcml0eSBYMzAeFw0xNzEwMDcyMTM2MjZaFw0xODAxMDUyMTM2MjZaMBsxGTAXBgNVBAMTEHRhbGtpbmdyb2Nrcy5vcmcwggEiMA0GCSqGSIb3DQEBAQUAA4IBDwAwggEKAoIBAQDyVAMULT/tjk9ki0ed7y2jITLwCVtj5ALzeCaHYp6DXL0H47YLx0vUcGwzB6tKw22R+1S0/RYWaEq7ko1WwZZgy6WKNDFhqOGJCbHISoYBuz7jqIIlJCiOhUlH1B4Wh+K8TPY64d6x3uDFCxfP8ZOLyci3WYf020n9m9eHmCja049EXbApxKbVeX4kmVndWYkHKJqgD9OBGYEQYZwZR9FUiVeiVcL99Xx1xKTTLcEXMXMDpDr3zsDnVRVn/KkHjSqyxvjTXp1am862k34ByTx2bIwwVkzK0b0ZAlxVb19+2nsbyWtwVZPmBPjgCk/rGkAIf01Qxo1KczAZvKbhCeNdAgMBAAGjggImMIICIjAOBgNVHQ8BAf8EBAMCBaAwHQYDVR0lBBYwFAYIKwYBBQUHAwEGCCsGAQUFBwMCMAwGA1UdEwEB/wQCMAAwHQYDVR0OBBYEFPuGVN5KFEZp0b0El/m4ZhCEdO6kMB8GA1UdIwQYMBaAFKhKamMEfd265tE5t6ZFZe/zqOyhMG8GCCsGAQUFBwEBBGMwYTAuBggrBgEFBQcwAYYiaHR0cDovL29jc3AuaW50LXgzLmxldHNlbmNyeXB0Lm9yZzAvBggrBgEFBQcwAoYjaHR0cDovL2NlcnQuaW50LXgzLmxldHNlbmNyeXB0Lm9yZy8wMQYDVR0RBCowKIIQdGFsa2luZ3JvY2tzLm9yZ4IUd3d3LnRhbGtpbmdyb2Nrcy5vcmcwgf4GA1UdIASB9jCB8zAIBgZngQwBAgEwgeYGCysGAQQBgt8TAQEBMIHWMCYGCCsGAQUFBwIBFhpodHRwOi8vY3BzLmxldHNlbmNyeXB0Lm9yZzCBqwYIKwYBBQUHAgIwgZ4MgZtUaGlzIENlcnRpZmljYXRlIG1heSBvbmx5IGJlIHJlbGllZCB1cG9uIGJ5IFJlbHlpbmcgUGFydGllcyBhbmQgb25seSBpbiBhY2NvcmRhbmNlIHdpdGggdGhlIENlcnRpZmljYXRlIFBvbGljeSBmb3VuZCBhdCBodHRwczovL2xldHNlbmNyeXB0Lm9yZy9yZXBvc2l0b3J5LzANBgkqhkiG9w0BAQsFAAOCAQEAgpOU3nGYYhV3TYSWa3PXneFsOxdaKGEVXT/kvC+sH6x3k7kGCZWdDo9BEP3trAD6mANGScieTtLc+KE1pBh0LIyPqaXHxeUVNMa3Wxci7nTlEd6+xAHgcziqNSy5G+rxl77CwK24zPp/sdjYJkYJqJ/B0ej2uzE8b3dF7pSTidSoZrHaOeUiEMpX3xwdI+RTgA57eGEw2ys6KSnaMHUoYbA5+X8TdbnOM1pjmY9K/AI20ZRlyqIYve5IYWSKWjAKGsg4hlxY9u2H5SpsGHd1Jp3McmkXHRkeADEd0yAQJXALhZjXrR4qrXCZMdyE4HncvDN0LIhvDtR4Ws7zyoQqNw==,talkingrocks.org www.talkingrocks.org,1507412186,1515188186
sabre.ct.comodo.com,16093959,7b560706d5d4fe5fc69bf55483fb13388efb0645b22a4c9fb044f60746979530,MIIFMDCCBBigAwIBAgISA/NeaxEpr13pGTgUhbG2LMefMA0GCSqGSIb3DQEBCwUAMEoxCzAJBgNVBAYTAlVTMRYwFAYDVQQKEw1MZXQncyBFbmNyeXB0MSMwIQYDVQQDExpMZXQncyBFbmNyeXB0IEF1dGhvcml0eSBYMzAeFw0xNzEwMTIwMTQyNDhaFw0xODAxMTAwMTQyNDhaMBsxGTAXBgNVBAMTEHNwb3J0c3Zlcm9uYS5jb20wggEiMA0GCSqGSIb3DQEBAQUAA4IBDwAwggEKAoIBAQDGk3NeMQuq5CkfONvxfjdAPf4pBn4pSuitCJJDhiZFVnYi8/7yFJ4vKNc7GaC7ItIc9q6qsGrHTWpkbpw5/ev+Na4icIvR+wGNHbqjXXQGw6lrykJEa4Jj4ob/2PHV24vP7spclPGZLyVylm3+P4ZLZOcl4a1/e4h8T4+mgrkGL6jYAIhtXBfY0dZRBUQzpoeDSq4T06C0ottuwfjXvvXRUcS/vmhiDiwqpbEIHjp3BrCzB3SHWNwLhW74FAoEHF9kdan7MgZ5WNn7qbR3KLz5ohTWDzqkZ1p4KF8lr473ndQUZ/whBcHHrW+U7AzwZLxlYksYaCe66pwYX9lIIQclAgMBAAGjggI9MIICOTAOBgNVHQ8BAf8EBAMCBaAwHQYDVR0lBBYwFAYIKwYBBQUHAwEGCCsGAQUFBwMCMAwGA1UdEwEB/wQCMAAwHQYDVR0OBBYEFDYs016mkatq40acnMIjYJyV9VRGMB8GA1UdIwQYMBaAFKhKamMEfd265tE5t6ZFZe/zqOyhMG8GCCsGAQUFBwEBBGMwYTAuBggrBgEFBQcwAYYiaHR0cDovL29jc3AuaW50LXgzLmxldHNlbmNyeXB0Lm9yZzAvBggrBgEFBQcwAoYjaHR0cDovL2NlcnQuaW50LXgzLmxldHNlbmNyeXB0Lm9yZy8wSAYDVR0RBEEwP4IVbWFpbC5zcG9ydHN2ZXJvbmEuY29tghBzcG9ydHN2ZXJvbmEuY29tghR3d3cuc3BvcnRzdmVyb25hLmNvbTCB/gYDVR0gBIH2MIHzMAgGBmeBDAECATCB5gYLKwYBBAGC3xMBAQEwgdYwJgYIKwYBBQUHAgEWGmh0dHA6Ly9jcHMubGV0c2VuY3J5cHQub3JnMIGrBggrBgEFBQcCAjCBngyBm1RoaXMgQ2VydGlmaWNhdGUgbWF5IG9ubHkgYmUgcmVsaWVkIHVwb24gYnkgUmVseWluZyBQYXJ0aWVzIGFuZCBvbmx5IGluIGFjY29yZGFuY2Ugd2l0aCB0aGUgQ2VydGlmaWNhdGUgUG9saWN5IGZvdW5kIGF0IGh0dHBzOi8vbGV0c2VuY3J5cHQub3JnL3JlcG9zaXRvcnkvMA0GCSqGSIb3DQEBCwUAA4IBAQBl0wDp9SdtpuMn5cv0A8/1FDTRvDmXezFDJdHFky1ug+AHqOxA4cuisN0Ui5v78zXzl7e6fkq0b7OzWSYbAx076R51LzS2o2xtx0n3ic7PYhPChcXMrRZQGPexIFGeQEedZkE8i2HwyBJkuUzdV1hjGDHUoEsN5pPxa22VMuL3lgFuEd3/6ZEtXeoM0mLI3DGKOMj//kzJuYagwthxnLFACPbhbQePMR4DY3wYDOLoTbx8RXZ8RLSYjB8ibGGgzA49Ph/0DtXlyac2bstFms3Sd+Hmiqy33xV/zvH3oz11j3qIeSuzAxT2UII6xtoQOhQzik5aa9z5XQ2T7TA+xp9v,sportsverona.com mail.sportsverona.com www.sportsverona.com,1507772568,1515548568
sabre.ct.comodo.com,16093960,b1fbaca2cc8aca30f3f106c49c3b1b882eb0a67f11eeaea71a3987b5c1bddd86,MIIFfDCCBGSgAwIBAgIRAPMtNoOJI+KPHKZG69M67yYwDQYJKoZIhvcNAQEFBQAwgY4xCzAJBgNVBAYTAkdCMRswGQYDVQQIExJHcmVhdGVyIE1hbmNoZXN0ZXIxEDAOBgNVBAcTB1NhbGZvcmQxGjAYBgNVBAoTEUNPTU9ETyBDQSBMaW1pdGVkMTQwMgYDVQQDEytDT01PRE8gRG9tYWluIFZhbGlkYXRpb24gTGVnYWN5IFNlcnZlciBDQSAyMB4XDTE3MDUxOTAwMDAwMFoXDTE3MTEyNTIzNTk1OVowazEhMB8GA1UECxMYRG9tYWluIENvbnRyb2wgVmFsaWRhdGVkMSAwHgYDVQQLExdMZWdhY3kgTXVsdGktRG9tYWluIFNTTDEkMCIGA1UEAxMbc3NsNDcxMDQ2LmNsb3VkZmxhcmVzc2wuY29tMIIBIjANBgkqhkiG9w0BAQEFAAOCAQ8AMIIBCgKCAQEAu09A2a1WxORao2h5QmkFAYmksmr9z1YLSIXP7WY+jjThij3LyRGXAIn/LRH0XmNiNiDzxOQJgteC8PKQifWXo+lmW5raNmtbzeMEQqVOaB0FsmuMGIM+lgldfFB3X2OS4w076BJ9TlsFWgZy0uvEpkOqvR+aoo/mHJy2/t/CKQLFgArPN50XleG4c8M0j3IoW2Dc+d2SGOcsxijAuL/pEVj/5nkC7FZK9OXedA4vfmM1YlHqSy+LW4wyumroHoPTZBTjJDJ3QZAhry3hL3kGEkKIMcidX8RiN+VbCXpf7mgbfGsfIvjDlJG9uRS41FOxh7ompzchtczYB5X4lrdmMQIDAQABo4IB9TCCAfEwHwYDVR0jBBgwFoAUmY4ClcUeVSJ7h3CLXhwBwnbErugwHQYDVR0OBBYEFHU2+pbSdBx9dMdstgWw0C4rhAUFMA4GA1UdDwEB/wQEAwIFoDAMBgNVHRMBAf8EAjAAMB0GA1UdJQQWMBQGCCsGAQUFBwMBBggrBgEFBQcDAjBFBgNVHSAEPjA8MDoGCysGAQQBsjEBAgIHMCswKQYIKwYBBQUHAgEWHWh0dHBzOi8vc2VjdXJlLmNvbW9kby5jb20vQ1BTMFMGA1UdHwRMMEowSKBGoESGQmh0dHA6Ly9jcmwuY29tb2RvY2E0LmNvbS9DT01PRE9Eb21haW5WYWxpZGF0aW9uTGVnYWN5U2VydmVyQ0EyLmNybDCBhQYIKwYBBQUHAQEEeTB3ME4GCCsGAQUFBzAChkJodHRwOi8vY3J0LmNvbW9kb2NhNC5jb20vQ09NT0RPRG9tYWluVmFsaWRhdGlvbkxlZ2FjeVNlcnZlckNBMi5jcnQwJQYIKwYBBQUHMAGGGWh0dHA6Ly9vY3NwLmNvbW9kb2NhNC5jb20wTgYDVR0RBEcwRYIbc3NsNDcxMDQ2LmNsb3VkZmxhcmVzc2wuY29tghMqLm5leHRkb29ydHdpbmsuY29tghFuZXh0ZG9vcnR3aW5rLmNvbTANBgkqhkiG9w0BAQUFAAOCAQEAPDWcIqeS7hTBioeZC9xDWA2G83XjjtGMhpOyromYTmBDB8uh8i3A+RgM3YdB0zHiscQUhW6/D1PxVJLN5NVIxMq2hJqbezaZ2ZEbDC2YfJK73sGEcUMV3n6Wskm9P1dXVVDi4wdngNW66EoeGM/v8tpj1gU5hE528ewClqo93Qieu5RDd6FeduKEY3i1KfpsVmONOiQ9eNi7ROU/KwoaBjqTFJFOK9UXqKIjPPwKVndJmxt+fNyo3TKxiBQYAHudUOs4fJ884x7s6z4/No8jB2StwI21ZEl/cJ0bCZB/ect9GgwN0UN+gusUPsoBIJnht1/2iaOrveQx/O3i2LiZKg==,ssl471046.cloudflaressl.com *.nextdoortwink.com nextdoortwink.com,1495152000,1511654399
sabre.ct.comodo.com,16093961,7b560706d5d4fe5fc69bf55483fb13388efb0645b22a4c9fb044f60746979530,MIIGMzCCBRugAwIBAgISA37Ba54fXZv8r2WvYvs8C/TCMA0GCSqGSIb3DQEBCwUAMEoxCzAJBgNVBAYTAlVTMRYwFAYDVQQKEw1MZXQncyBFbmNyeXB0MSMwIQYDVQQDExpMZXQncyBFbmNyeXB0IEF1dGhvcml0eSBYMzAeFw0xNzEwMDcyMTM2MjZaFw0xODAxMDUyMTM2MjZaMBQxEjAQBgNVBAMTCWFhbGV4Lm9yZzCCAiIwDQYJKoZIhvcNAQEBBQADggIPADCCAgoCggIBAK6ginB1GHUNDXrEVQC5VKCnDLRMndRBHJT5XMqiAKj4kFiCeG6IlOrjlD6poXZ8wDhpLro64YtBv8zB8DbOXDbh0EP3QzliQrfDfxQ9H4Xgr693obQa7LhVQoSNbePeMAuVKN5/V+JttyVfpIqhJPmveH/np54rOxyYFq4r3SJG+Cl0YPxW56N6EekTM5sdxsJlIIeWYEpSU2DsKUotoZpHwKeiii5dQHhYuu0hvTPK5U8ojhIf7adrXpiGcRV1l8Pfqve6Ts855gIpn5CIE3MDDftjjuMwsJmOn5tRmkusDHV2NvMV39GKdQeBvEK2fQTT+wxjMJPdUUt5BF1TWOg1qHaF6ZrqlXeOgx7SSU8tlaoyn7yoiKELqa/sCncY+KvN0Ji0JWQV4Q52RDk6RFp70XoQKk12RNQueVJMay/+G5tpQYxem69jIy+Y4iwbhTdaFXvqW/LgW4mswWxjgRaiqeC/Gd/Bp0T/6bqeSnmOFOPjjy837kLL7myoB3UbHqi8lWxU+8PIXp6gnIfrHD3lOA3vYT24qIqR3eVbQMf44Ixx2lxsneIV213GlUJNQLEMYIkvbuO+J9tp0krbAQHZ1yDpc2Lx/v2xzGNiW+m2+7Pg0/PRVl1jQ4XzbMgLcKAe0/trCx00nHeB4hh3AfCYejO0OWNsaNoQoNiFLas3AgMBAAGjggJHMIICQzAOBgNVHQ8BAf8EBAMCBaAwHQYDVR0lBBYwFAYIKwYBBQUHAwEGCCsGAQUFBwMCMAwGA1UdEwEB/wQCMAAwHQYDVR0OBBYEFF/SXws2e9EE8qBTj5PY5m0PdLb4MB8GA1UdIwQYMBaAFKhKamMEfd265tE5t6ZFZe/zqOyhMG8GCCsGAQUFBwEBBGMwYTAuBggrBgEFBQcwAYYiaHR0cDovL29jc3AuaW50LXgzLmxldHNlbmNyeXB0Lm9yZzAvBggrBgEFBQcwAoYjaHR0cDovL2NlcnQuaW50LXgzLmxldHNlbmNyeXB0Lm9yZy8wUgYDVR0RBEswSYIJYWFsZXgub3Jngg1mdHAuYWFsZXgub3Jngg5tYWlsLmFhbGV4Lm9yZ4INcG9wLmFhbGV4Lm9yZ4IOc210cC5hYWxleC5vcmcwgf4GA1UdIASB9jCB8zAIBgZngQwBAgEwgeYGCysGAQQBgt8TAQEBMIHWMCYGCCsGAQUFBwIBFhpodHRwOi8vY3BzLmxldHNlbmNyeXB0Lm9yZzCBqwYIKwYBBQUHAgIwgZ4MgZtUaGlzIENlcnRpZmljYXRlIG1heSBvbmx5IGJlIHJlbGllZCB1cG9uIGJ5IFJlbHlpbmcgUGFydGllcyBhbmQgb25seSBpbiBhY2NvcmRhbmNlIHdpdGggdGhlIENlcnRpZmljYXRlIFBvbGljeSBmb3VuZCBhdCBodHRwczovL2xldHNlbmNyeXB0Lm9yZy9yZXBvc2l0b3J5LzANBgkqhkiG9w0BAQsFAAOCAQEAjwMslpuCXSfeI3GGAt/cMZTz1UTXFWjmLXs11PfWjnFl3TIPaPOUGEKzFZiYhI0ytfdN3kHNfvfaqizhHhvn5eou5qZtaVR0medmLyRXHRFpGBapjwia/zqtWo3Fq94tP5yU28LJKwxqVKxl2JXpcfaS0lKu1NnXqWZP/8Vy5I5I2sagwhIJNH3Qi6AeT0jykeToiKhjZ4FD/oCQXrRWRSqgKjaWVwfwKwcFnH+rX/kyTDVXvk05fhZxxspo9tpyxw9kWlULV9dcVJsDmGJctdJL/DrCv9Nbnx8+M9/PoEQQhLtuOhpLdA8X/NOL46PpES/Dd/4ZzF9PZT1NMUSrUw==,aalex.org ftp.aalex.org mail.aalex.org pop.aalex.org smtp.aalex.org,1507412186,1515188186
sabre.ct.comodo.com,16093962,7b560706d5d4fe5fc69bf55483fb13388efb0645b22a4c9fb044f60746979530,MIIE/zCCA+egAwIBAgISAy/xiDATlTRzC+aTfYifmZWtMA0GCSqGSIb3DQEBCwUAMEoxCzAJBgNVBAYTAlVTMRYwFAYDVQQKEw1MZXQncyBFbmNyeXB0MSMwIQYDVQQDExpMZXQncyBFbmNyeXB0IEF1dGhvcml0eSBYMzAeFw0xNzEwMTIwMTQzMjFaFw0xODAxMTAwMTQzMjFaMBkxFzAVBgNVBAMTDmlwbmVpZ2hib3IuY29tMIIBIjANBgkqhkiG9w0BAQEFAAOCAQ8AMIIBCgKCAQEA4Jmk8/1DZ8bdTfTlzS4lBjHmNzMJG4vIwlBWASNKUcowp9bC8mnzUEE7cp7KTnmZQf+Jl8Vu9uoJDMSG3kAcaYYd0LBvG6zaSWi33a4s/CXn1UlvcIEy4R7YS6RXnGDH9MFZHBS4wl5jE9XsLQo/Nf1K/OWrtrdyqnMToANf82fWEof+2TGjZMy4WhL+anMj5PDSglDyRWknIX/kDxiE7Xo1nSjxYItxld5Sq10svlIv0GJOm+7aS/XnVk0lBvwFMd9qvzY1lqk2NKUoC4iW3QDN/QEwRXF3Gdcza7Qf4N+KZx6gvexmTY4G8HlkKWCxOGv34THwP8/Gu052FtRYDwIDAQABo4ICDjCCAgowDgYDVR0PAQH/BAQDAgWgMB0GA1UdJQQWMBQGCCsGAQUFBwMBBggrBgEFBQcDAjAMBgNVHRMBAf8EAjAAMB0GA1UdDgQWBBQitAO3DIpsk/ZmtcbbizEudz/ZUjAfBgNVHSMEGDAWgBSoSmpjBH3duubRObemRWXv86jsoTBvBggrBgEFBQcBAQRjMGEwLgYIKwYBBQUHMAGGImh0dHA6Ly9vY3NwLmludC14My5sZXRzZW5jcnlwdC5vcmcwLwYIKwYBBQUHMAKGI2h0dHA6Ly9jZXJ0LmludC14My5sZXRzZW5jcnlwdC5vcmcvMBkGA1UdEQQSMBCCDmlwbmVpZ2hib3IuY29tMIH+BgNVHSAEgfYwgfMwCAYGZ4EMAQIBMIHmBgsrBgEEAYLfEwEBATCB1jAmBggrBgEFBQcCARYaaHR0cDovL2Nwcy5sZXRzZW5jcnlwdC5vcmcwgasGCCsGAQUFBwICMIGeDIGbVGhpcyBDZXJ0aWZpY2F0ZSBtYXkgb25seSBiZSByZWxpZWQgdXBvbiBieSBSZWx5aW5nIFBhcnRpZXMgYW5kIG9ubHkgaW4gYWNjb3JkYW5jZSB3aXRoIHRoZSBDZXJ0aWZpY2F0ZSBQb2xpY3kgZm91bmQgYXQgaHR0cHM6Ly9sZXRzZW5jcnlwdC5vcmcvcmVwb3NpdG9yeS8wDQYJKoZIhvcNAQELBQADggEBAD2vVts233px6gIda6EuZvQbMXSSgtD9C7G/WZbEzD+5HKBTNfxmlkrkGx4v17U0X4OEj6lEDB8osbZmHGTFFPyLUn6fReK95536DpLC+/OsarYgvxF/3BHrsz+VR1X8Vqtwk7c1IuiNj8UYq+3EvVXxxkeX7vNkAoJl0ucKg6m2wAK+Y9bP0CjFDB+2u8aKBLo8YALfItgPugXU2G9CAia222Af2Jn7KS4rB8JWa2UxVSEeDzWOY7QpBQUJbwp4dhPAXI0ch0sR/82GYhNHVNTWli2Pt60pd0mcBolIQGRwO2bF30FYmXT0SFFc9NBVu/cBlfp6gjJKMOwVFDfqYz8=,ipneighbor.com,1507772601,1515548601
sabre.ct.comodo.com,16093963,b1fbaca2cc8aca30f3f106c49c3b1b882eb0a67f11eeaea71a3987b5c1bddd86,MIIFcjCCBFqgAwIBAgIRAI6Uwa6POaAC2QB+lPnRDH4wDQYJKoZIhvcNAQEFBQAwgY4xCzAJBgNVBAYTAkdCMRswGQYDVQQIExJHcmVhdGVyIE1hbmNoZXN0ZXIxEDAOBgNVBAcTB1NhbGZvcmQxGjAYBgNVBAoTEUNPTU9ETyBDQSBMaW1pdGVkMTQwMgYDVQQDEytDT01PRE8gRG9tYWluIFZhbGlkYXRpb24gTGVnYWN5IFNlcnZlciBDQSAyMB4XDTE3MDkyNzAwMDAwMFoXDTE4MDQwNTIzNTk1OVowazEhMB8GA1UECxMYRG9tYWluIENvbnRyb2wgVmFsaWRhdGVkMSAwHgYDVQQLExdMZWdhY3kgTXVsdGktRG9tYWluIFNTTDEkMCIGA1UEAxMbc3NsNDcxMDUyLmNsb3VkZmxhcmVzc2wuY29tMIIBIjANBgkqhkiG9w0BAQEFAAOCAQ8AMIIBCgKCAQEAuCXUdCJvqv5wb+Q5xch4Hfr33tAX27c4Kxk6gilmYahrfXxvClzO/HmjRjm23EW+vD4aZ0huACS1hLmhaFg3n6p4Llc6VD7LvIyrwj9kLLDIfSWy2IoIfTNCa50ICA7Y0GvbprewBtEr8cQozuIBSYLtK/TLiuF+0kfK+ceuCMmle6ZGyZQC34JM5FyDJNmRvOWJNYRT19BN1HluDGfuNNTvZZwwhPonZb3SHeRqpPOUeuJ8A2dZM+SASVQgf6pe5unKtX37GT1yerAjo7oQnWKepW4XkII1n9jkzl7Pzp0vqJ9z+Vk1wiVYwbfdSyRD6y2aUaOercMKiEIzm5QixQIDAQABo4IB6zCCAecwHwYDVR0jBBgwFoAUmY4ClcUeVSJ7h3CLXhwBwnbErugwHQYDVR0OBBYEFGyZxgpU6TtZx6tRSAV20ff9v9REMA4GA1UdDwEB/wQEAwIFoDAMBgNVHRMBAf8EAjAAMB0GA1UdJQQWMBQGCCsGAQUFBwMBBggrBgEFBQcDAjBFBgNVHSAEPjA8MDoGCysGAQQBsjEBAgIHMCswKQYIKwYBBQUHAgEWHWh0dHBzOi8vc2VjdXJlLmNvbW9kby5jb20vQ1BTMFMGA1UdHwRMMEowSKBGoESGQmh0dHA6Ly9jcmwuY29tb2RvY2E0LmNvbS9DT01PRE9Eb21haW5WYWxpZGF0aW9uTGVnYWN5U2VydmVyQ0EyLmNybDCBhQYIKwYBBQUHAQEEeTB3ME4GCCsGAQUFBzAChkJodHRwOi8vY3J0LmNvbW9kb2NhNC5jb20vQ09NT0RPRG9tYWluVmFsaWRhdGlvbkxlZ2FjeVNlcnZlckNBMi5jcnQwJQYIKwYBBQUHMAGGGWh0dHA6Ly9vY3NwLmNvbW9kb2NhNC5jb20wRAYDVR0RBD0wO4Ibc3NsNDcxMDUyLmNsb3VkZmxhcmVzc2wuY29tgg4qLmFpb24ubmV0d29ya4IMYWlvbi5uZXR3b3JrMA0GCSqGSIb3DQEBBQUAA4IBAQB53bbM6FsUgVOqusHvnTWIdcCaWJrkVgbelm00JiDXAg7wOhybHjCeSicQbdQxY+SFZMliXN0CLOsgYZhoCTFJIa5vPhpJEmuJnx4T4QqeHpvcxK+NXKd+pvOcYoVXZpC8UFpNXVFhAB2QVU1QkymrHmbAk/qx/21ZWKd3iAdsp8nXSNggxCnPyRj+iKRug2epv/4q5bthE8awOletf5rMQVuRG1ZOe1cp0QRhuRKKNI1xJf1zDKli7g+52jiscfAbFGnLZD2yFIXTAKWexpOyNPbl+dv8aS3o51itlBc0QuXBK05MLGoqYfAdqlGxdRwSpGjzHFLl5uuhkThJUUy3,ssl471052.cloudflaressl.com *.aion.network aion.network,1506470400,1522972799
sabre.ct.comodo.com,16093964,7b560706d5d4fe5fc69bf55483fb13388efb0645b22a4c9fb044f60746979530,MIIFHDCCBASgAwIBAgISA3kAJTHcGvxCFWyppopGA1FqMA0GCSqGSIb3DQEBCwUAMEoxCzAJBgNVBAYTAlVTMRYwFAYDVQQKEw1MZXQncyBFbmNyeXB0MSMwIQYDVQQDExpMZXQncyBFbmNyeXB0IEF1dGhvcml0eSBYMzAeFw0xNzEwMTIwMTQyNTBaFw0xODAxMTAwMTQyNTBaMBwxGjAYBgNVBAMTEW1heGRhdmlzbXVzaWMuY29tMIIBIjANBgkqhkiG9w0BAQEFAAOCAQ8AMIIBCgKCAQEAtn6WN1CmToBLLvHujVC7/huPqjgCazdDItQKaQxtrUxFwRvV6yO/uf3UvE763lx3I26IayVuCslScbj+by+qcrU9CL3AtuC55OO4ePkhPOj5g34GPIwUILKa9ZaTv/7vWmPIthFZZOsW0v6kGwgaNM8c31ZA7V6VBK6e7UUHhJMzbirEJrEmCw/4HGImxB1dMFpfAAfbb04qqed790TlrPkDk5MahY2NnMegqYIXvMO7ouGEGu+JEPlrgZ2jQk+SaTIGHdBuyePN7bQdyOXHeisKf0BHshOqP+6nktOCQiTQ7ZnbMlCZ0O5yrc0g9hY5ZnaMABwoqZcXKDS/H7znvwIDAQABo4ICKDCCAiQwDgYDVR0PAQH/BAQDAgWgMB0GA1UdJQQWMBQGCCsGAQUFBwMBBggrBgEFBQcDAjAMBgNVHRMBAf8EAjAAMB0GA1UdDgQWBBTB+s173rBbFnza/KH6UdlQwqyqtzAfBgNVHSMEGDAWgBSoSmpjBH3duubRObemRWXv86jsoTBvBggrBgEFBQcBAQRjMGEwLgYIKwYBBQUHMAGGImh0dHA6Ly9vY3NwLmludC14My5sZXRzZW5jcnlwdC5vcmcwLwYIKwYBBQUHMAKGI2h0dHA6Ly9jZXJ0LmludC14My5sZXRzZW5jcnlwdC5vcmcvMDMGA1UdEQQsMCqCEW1heGRhdmlzbXVzaWMuY29tghV3d3cubWF4ZGF2aXNtdXNpYy5jb20wgf4GA1UdIASB9jCB8zAIBgZngQwBAgEwgeYGCysGAQQBgt8TAQEBMIHWMCYGCCsGAQUFBwIBFhpodHRwOi8vY3BzLmxldHNlbmNyeXB0Lm9yZzCBqwYIKwYBBQUHAgIwgZ4MgZtUaGlzIENlcnRpZmljYXRlIG1heSBvbmx5IGJlIHJlbGllZCB1cG9uIGJ5IFJlbHlpbmcgUGFydGllcyBhbmQgb25seSBpbiBhY2NvcmRhbmNlIHdpdGggdGhlIENlcnRpZmljYXRlIFBvbGljeSBmb3VuZCBhdCBodHRwczovL2xldHNlbmNyeXB0Lm9yZy9yZXBvc2l0b3J5LzANBgkqhkiG9w0BAQsFAAOCAQEAehYw0GRW7J3iKFUoS8Kh0agCjS+9QqCVvipG/UE9qpjL4vmY7Bs2wBcUWRsrst0bLZiAt5XzksPeHbDDPSt6MkwA1pURlK+eZPFqGdSb4kZqYe2sTSgEsxP7QjbdxNTLEK5MgQUXjB9aP/9bKpNDqtNUWcxr9N/j6SAh33d/XjPrIRUU1mRnCHkvZFajYU65XVaD2oWV8bPgb8CoAb4dfwBp/3NWFkf+jOtH+f6YNDL7PRikq8140QX/5WYPRVpqC3VCnXWqC+MAdfQvJAGFztPA8aaSr1n8o+Rk3qzO5jIy+1iBXKmOFQMNvxl1Q/aSSAsd/EUbWetv0Jox4IqhhA==,maxdavismusic.com www.maxdavismusic.com,1507772570,1515548570
sabre.ct.comodo.com,16093965,c42a3610d1abb567bf653174cf6e7e4b4eb4ab19ac71928db03d300861168a69,MIIFkjCCBHqgAwIBAgIQBVFUOVpa24M/ZrW/IEj42zANBgkqhkiG9w0BAQUFADB5MQswCQYDVQQGEwJVUzELMAkGA1UECBMCQ0ExFjAUBgNVBAcTDVNhbiBGcmFuY2lzY28xGTAXBgNVBAoTEENsb3VkRmxhcmUsIEluYy4xKjAoBgNVBAMTIUNsb3VkRmxhcmUgSW5jIENvbXBhdGliaWxpdHkgQ0EtMzAeFw0xNzA5MTEwMDAwMDBaFw0xODA4MTAxMjAwMDBaMGkxCzAJBgNVBAYTAlVTMQswCQYDVQQIEwJDQTEWMBQGA1UEBxMNU2FuIEZyYW5jaXNjbzEZMBcGA1UEChMQQ2xvdWRGbGFyZSwgSW5jLjEaMBgGA1UEAxMRc21hcnRpbnNpZ2h0cy5jb20wggEiMA0GCSqGSIb3DQEBAQUAA4IBDwAwggEKAoIBAQCndExDljczy6UPldZPCob1j7hsDN8lJwnKaFcqRbwWh4E/I/6p066TBGLma5SVcSj5WnV051NX+F4v0zTYPs3c6Kgofm1DtTE01aYVXU2jMJV/d+eId2j9yMqggcscA5CE77JCYbdhMJJc2JLci0cUsKmZV6vUxXvwn/d0763axZMz8TSrRZAoQB9dmOqial9hV8URXlRIOobz1qbN405kuYsVBFY43zLAC/ptFrDu8NAm927NX1gGqYNedkh6u043WuHZ+UF/z1e0nhtZ5qyC1foKcrzUe+Lpcg0tRlY2cz1kVBClC+BKDv1yFhu2TgcIoBQ42JmWnpFd2oAzVRoNAgMBAAGjggIkMIICIDAfBgNVHSMEGDAWgBSXScX2hBRz33O6zKlmuvmmPFnGrjAdBgNVHQ4EFgQUOdVWSkVMqXUG087+nmRuVGi+BjMwSAYDVR0RBEEwP4IRc21hcnRpbnNpZ2h0cy5jb22CFWRldi5zbWFydGluc2lnaHRzLmNvbYITKi5zbWFydGluc2lnaHRzLmNvbTAOBgNVHQ8BAf8EBAMCBaAwHQYDVR0lBBYwFAYIKwYBBQUHAwEGCCsGAQUFBwMCMIGPBgNVHR8EgYcwgYQwQKA+oDyGOmh0dHA6Ly9jcmwzLmRpZ2ljZXJ0LmNvbS9DbG91ZEZsYXJlSW5jQ29tcGF0aWJpbGl0eUNBMy5jcmwwQKA+oDyGOmh0dHA6Ly9jcmw0LmRpZ2ljZXJ0LmNvbS9DbG91ZEZsYXJlSW5jQ29tcGF0aWJpbGl0eUNBMy5jcmwwQgYDVR0gBDswOTA3BglghkgBhv1sAQEwKjAoBggrBgEFBQcCARYcaHR0cHM6Ly93d3cuZGlnaWNlcnQuY29tL0NQUzCBgAYIKwYBBQUHAQEEdDByMCQGCCsGAQUFBzABhhhodHRwOi8vb2NzcC5kaWdpY2VydC5jb20wSgYIKwYBBQUHMAKGPmh0dHA6Ly9jYWNlcnRzLmRpZ2ljZXJ0LmNvbS9DbG91ZEZsYXJlSW5jQ29tcGF0aWJpbGl0eUNBLTMuY3J0MAwGA1UdEwEB/wQCMAAwDQYJKoZIhvcNAQEFBQADggEBAMzRZSkL0bgoAYRwL1k4OAnIRO8QkV5luqBu8kCXViN2sRrWVrDoXdzJv1DUrvGjeey9GA6tJDs5Fkqg+NzrCEqhYyiFHpEMDSIggAlmwIc8RS/tUWZf2pXCdhqYhGmYbqEygs/qfHtF9yW7+FqVV015bmig8LBx69L2URibNUQXa5AKdKl8mpY/QI/bH0TwD6xeL5TOr1jAMqztZeBVs0SjpXM3WhgNwTp2MNywdvcF3JDuBJJvk645OB5fZtf9G/KS2b10SNnJvRg1F0rxJTUR5IAEJYOJXj4//0kjwAEtWWovAy3UGfH9H5AvxRE5VZPXOC0/44D2wi4mcRVKGps=,smartinsights.com dev.smartinsights.com *.smartinsights.com,1505088000,1533902400
sabre.ct.comodo.com,16093966,7b560706d5d4fe5fc69bf55483fb13388efb0645b22a4c9fb044f60746979530,MIIFCzCCA/OgAwIBAgISA6b/jX8NuRbwimt6n+8q6HCoMA0GCSqGSIb3DQEBCwUAMEoxCzAJBgNVBAYTAlVTMRYwFAYDVQQKEw1MZXQncyBFbmNyeXB0MSMwIQYDVQQDExpMZXQncyBFbmNyeXB0IEF1dGhvcml0eSBYMzAeFw0xNzEwMDcyMTM2MjdaFw0xODAxMDUyMTM2MjdaMB8xHTAbBgNVBAMTFGNybS5yZWluZXJ0cGFwZXIuY29tMIIBIjANBgkqhkiG9w0BAQEFAAOCAQ8AMIIBCgKCAQEAhYYNKebOsA/3+Ujn9QYaq9m+/LXFnlkdcWvLO0vdMn4mcboOZI7TRLjRpPRQFB7X+QfeOjFo/N9Nw5e61SACfNUCSwlBuAR8S/5Mf5E8F9My/gCa1d2BoAiz4QewtNs48a2bOl0tE0yxnLSv/XD/AIuLOpWYBpIHqGfEVhJLMvtY0TSJwbmVcSMu9q1b6Cu2H4P/GKMSninHxHm4C/eBy2xVTQODrmLKEwVSnB67kSvLhEemM4FsCGY+6hcFKqj9ttKeIR/LuwrT5Eyb6IulUHaHtadMfxmTD2GGmvyNALLkV7bHszyRrt4kO75slmIKETLzRBKlHFfQkkfx3IloOQIDAQABo4ICFDCCAhAwDgYDVR0PAQH/BAQDAgWgMB0GA1UdJQQWMBQGCCsGAQUFBwMBBggrBgEFBQcDAjAMBgNVHRMBAf8EAjAAMB0GA1UdDgQWBBR2CmbiGGI1zaXNFNG5/0Vay7JUXzAfBgNVHSMEGDAWgBSoSmpjBH3duubRObemRWXv86jsoTBvBggrBgEFBQcBAQRjMGEwLgYIKwYBBQUHMAGGImh0dHA6Ly9vY3NwLmludC14My5sZXRzZW5jcnlwdC5vcmcwLwYIKwYBBQUHMAKGI2h0dHA6Ly9jZXJ0LmludC14My5sZXRzZW5jcnlwdC5vcmcvMB8GA1UdEQQYMBaCFGNybS5yZWluZXJ0cGFwZXIuY29tMIH+BgNVHSAEgfYwgfMwCAYGZ4EMAQIBMIHmBgsrBgEEAYLfEwEBATCB1jAmBggrBgEFBQcCARYaaHR0cDovL2Nwcy5sZXRzZW5jcnlwdC5vcmcwgasGCCsGAQUFBwICMIGeDIGbVGhpcyBDZXJ0aWZpY2F0ZSBtYXkgb25seSBiZSByZWxpZWQgdXBvbiBieSBSZWx5aW5nIFBhcnRpZXMgYW5kIG9ubHkgaW4gYWNjb3JkYW5jZSB3aXRoIHRoZSBDZXJ0aWZpY2F0ZSBQb2xpY3kgZm91bmQgYXQgaHR0cHM6Ly9sZXRzZW5jcnlwdC5vcmcvcmVwb3NpdG9yeS8wDQYJKoZIhvcNAQELBQADggEBADVc3wxSxPRZP+VHDBPvDmA2UIA8QdipbDh+cu+ubZevTyYyJiDpq8wtK0r0aaJ2+/2DI7VCJhJUNCQ3ZrPr5lyA1xHnipYOuvHBXJpnLX6EH12KRaElsHcBm9IXUNzdPEJfLkfjGL0xVqc8AnPAZRO931bytEBXq7BMYEkQoNdJ/WX8YE8ViS6t0kk1URQ1CxQo6DWFA9NxVa7WoVuZw9L2cDzxRw5jllOAscxN6+fpT3TupXlEl45IihQDTJASPds3YhHDxTDYS/9tcJ+7SkuVGj8tF/msENkdH+4xwJxEAHIjrgVewwT0Fm13AWxLG1LJTRP+/cmKfLde59kODXg=,crm.reinertpaper.com,1507412187,1515188187
sabre.ct.comodo.com,16093967,7b560706d5d4fe5fc69bf55483fb13388efb0645b22a4c9fb044f60746979530,MIIFDTCCA/WgAwIBAgISAyxCbAEotWuKqnozaepbkGwzMA0GCSqGSIb3DQEBCwUAMEoxCzAJBgNVBAYTAlVTMRYwFAYDVQQKEw1MZXQncyBFbmNyeXB0MSMwIQYDVQQDExpMZXQncyBFbmNyeXB0IEF1dGhvcml0eSBYMzAeFw0xNzEwMTIwMTQzMjFaFw0xODAxMTAwMTQzMjFaMCAxHjAcBgNVBAMTFWthdGhsZWVubGVnYXNzaWNrLmNvbTCCASIwDQYJKoZIhvcNAQEBBQADggEPADCCAQoCggEBAIZoVlfQtgUzFvr3LcsKqVd0xFswUFyn/O1romL3/OkpCGz+aBuPvUvE1UYMnrqRf1PhYUQXCWg2GIwxoLPuWmdpI19CqDZE16wBx7RoborZ1zH38Ew2YYY6EJh4bt4Poo5ov8q8SlS4boceKTwep/HfPgLtz6WrgQjRoh5HkkDlTRC2LwLoRyzkWrObVrrAJCu4v8dgFi9TRvY1u4Ii7rSU+u0yD9bEDJX226Czx6wBRpwpi9s6HFCDZ/S8Aju4A6IXuXWmJ3LPq9lomW+fZMozoYzn2K7a+2dSi1CwnF54AMVjxgSbb5+lco51zkV8ONXlVbhDN6tXsv6vYea8nz0CAwEAAaOCAhUwggIRMA4GA1UdDwEB/wQEAwIFoDAdBgNVHSUEFjAUBggrBgEFBQcDAQYIKwYBBQUHAwIwDAYDVR0TAQH/BAIwADAdBgNVHQ4EFgQUdwRfLBoWc0cPIC+wscLxQM1bs6QwHwYDVR0jBBgwFoAUqEpqYwR93brm0Tm3pkVl7/Oo7KEwbwYIKwYBBQUHAQEEYzBhMC4GCCsGAQUFBzABhiJodHRwOi8vb2NzcC5pbnQteDMubGV0c2VuY3J5cHQub3JnMC8GCCsGAQUFBzAChiNodHRwOi8vY2VydC5pbnQteDMubGV0c2VuY3J5cHQub3JnLzAgBgNVHREEGTAXghVrYXRobGVlbmxlZ2Fzc2ljay5jb20wgf4GA1UdIASB9jCB8zAIBgZngQwBAgEwgeYGCysGAQQBgt8TAQEBMIHWMCYGCCsGAQUFBwIBFhpodHRwOi8vY3BzLmxldHNlbmNyeXB0Lm9yZzCBqwYIKwYBBQUHAgIwgZ4MgZtUaGlzIENlcnRpZmljYXRlIG1heSBvbmx5IGJlIHJlbGllZCB1cG9uIGJ5IFJlbHlpbmcgUGFydGllcyBhbmQgb25seSBpbiBhY2NvcmRhbmNlIHdpdGggdGhlIENlcnRpZmljYXRlIFBvbGljeSBmb3VuZCBhdCBodHRwczovL2xldHNlbmNyeXB0Lm9yZy9yZXBvc2l0b3J5LzANBgkqhkiG9w0BAQsFAAOCAQEAf63h841bJOhEe/oW+zZSAWmpxRkCmUg29oB4rQ5IdFSm36EWLhajUioZxDBOdLcr0/R7Jat6TdNjPQGWqWlPJled0hgfPctngjZ0/sXUpmN8n38x9B6TZ/OHmgovtuffrlekxxCTsBQfif3ToZi8TMpqNaj9mLORV4bPfjGyNq8pw3ncaZ6BOLmm0yXMj1m6w+cwopB6uxrk/m9JafICJQFjOU2hnBAPAmUYZy1YgeBgq3E26l7YT63kyCJ6zweCplF7X+FIcdUsUGCl5VXxgcNQrHANN7nSYKil/e3fLvmWtKt4tMusMZLQSAW6Hlfd3VJ8o7HLjiA3yd3glJOl2Q==,kathleenlegassick.com,1507772601,1515548601
sabre.ct.comodo.com,16093968,01fa7521693914e50ee7460ec58273c90714e4f0ef02f5f68ba0418564de6c32,MIIJpDCCCUqgAwIBAgIQGldabdnaoWdbx91/nvAiWzAKBggqhkjOPQQDAjCBkjELMAkGA1UEBhMCR0IxGzAZBgNVBAgTEkdyZWF0ZXIgTWFuY2hlc3RlcjEQMA4GA1UEBxMHU2FsZm9yZDEaMBgGA1UEChMRQ09NT0RPIENBIExpbWl0ZWQxODA2BgNVBAMTL0NPTU9ETyBFQ0MgRG9tYWluIFZhbGlkYXRpb24gU2VjdXJlIFNlcnZlciBDQSAyMB4XDTE3MTAwOTAwMDAwMFoXDTE4MDQxNzIzNTk1OVowazEhMB8GA1UECxMYRG9tYWluIENvbnRyb2wgVmFsaWRhdGVkMSEwHwYDVQQLExhQb3NpdGl2ZVNTTCBNdWx0aS1Eb21haW4xIzAhBgNVBAMTGnNuaTQxMjcxLmNsb3VkZmxhcmVzc2wuY29tMFkwEwYHKoZIzj0CAQYIKoZIzj0DAQcDQgAE6SCw8c8DCijYDKDKOxXKAZeQxDBKPjUf0vIdl4nYC5DEzvQSDoj5+L5rAO5mDGMsARQqonf0mm5RBLas3MO2r6OCB6YwggeiMB8GA1UdIwQYMBaAFEAJYWfwvINxT94SCCxv1NQrdj2WMB0GA1UdDgQWBBS+Smg1xMlOzlZfdOVVJKILhjL3EzAOBgNVHQ8BAf8EBAMCB4AwDAYDVR0TAQH/BAIwADAdBgNVHSUEFjAUBggrBgEFBQcDAQYIKwYBBQUHAwIwTwYDVR0gBEgwRjA6BgsrBgEEAbIxAQICBzArMCkGCCsGAQUFBwIBFh1odHRwczovL3NlY3VyZS5jb21vZG8uY29tL0NQUzAIBgZngQwBAgEwVgYDVR0fBE8wTTBLoEmgR4ZFaHR0cDovL2NybC5jb21vZG9jYTQuY29tL0NPTU9ET0VDQ0RvbWFpblZhbGlkYXRpb25TZWN1cmVTZXJ2ZXJDQTIuY3JsMIGIBggrBgEFBQcBAQR8MHowUQYIKwYBBQUHMAKGRWh0dHA6Ly9jcnQuY29tb2RvY2E0LmNvbS9DT01PRE9FQ0NEb21haW5WYWxpZGF0aW9uU2VjdXJlU2VydmVyQ0EyLmNydDAlBggrBgEFBQcwAYYZaHR0cDovL29jc3AuY29tb2RvY2E0LmNvbTCCBe0GA1UdEQSCBeQwggXgghpzbmk0MTI3MS5jbG91ZGZsYXJlc3NsLmNvbYIUKi5hbGFyaWZob3NwaXRhbC5jb22CESouYXphcnRjYXNpbm8ud2lughMqLmF6YXJ0b3ByYXZkYW4ud2lughYqLmJlc3Rwb3Jub29ubGluZS5jbHVigg0qLmJlc3RzZXgud2lughAqLmJldGdhbWluZy5kYXRlghAqLmNlbnRyYWxkeGIuY29tghQqLmRyb2NoaW16ZGVzLnN0cmVhbYINKi5nbG9idGVjaC5pboIVKi5odWxzdHByZXNlbnRlZXJ0Lm5sghYqLmluZ3llbmVzLWphdGVrb2submV0ggsqLmlvdHMuY2FyZYIOKi5saWdodHNleC5iaWSCEyoubGl2ZWNhc2lub3dpbi53aW6CEioubWlyYXZ0b21hdG92Lm1lboINKi5uY2FzLmVkdS5pboILKi5uY2UuYWMuaW6CDyoubmltc2FsYWluLmNvbYINKi5uaW1zZHhiLmNvbYINKi5uaW1zc2hqLmNvbYITKi5vbmxpbmViZXQuY3JpY2tldIIPKi5veGZvcmQuZWR1LmlughAqLm94Zm9yZGtpZHMubmV0ghUqLm94Zm9yZGtvbGxhbS5lZHUuaW6CECoucGxheWNhc2luby5tZW6CDSoucG9ybmJveS50b3CCECoucG9ybm9naXJsLnNpdGWCEioucG9ybm9tYW5pYS5wYXJ0eYIQKi5wb3JudmlkZW8uZGF0ZYIXKi5wcm9zdGl0dXRraW1vc2Nvdy5iaWSCFSouc2V4LW9uLXBhcnR5LnN0cmVhbYINKi5zZXhpbmZvLmJpZIIfKi5zbWFsbGRvZ2JyZWVkc2luZm9ybWF0aW9uLmNvbYIXKi50aGVnb3BhbGFrcmlzaG5hbi5jb22CDSoudGhlbW9kZWwuYWWCDyoudmlkdG9tcDMuaW5mb4IQKi52dWxrYW5hemFydC51c4ITKi53aW4tcGFyaW1hdGNoLndpboIPKi53aW5jYXNpbm8ubWVughAqLnlvdXR1YmUtbXAzLmh1ghAqLnlvdXR1YmUtbXAzLnVrghJhbGFyaWZob3NwaXRhbC5jb22CD2F6YXJ0Y2FzaW5vLndpboIRYXphcnRvcHJhdmRhbi53aW6CFGJlc3Rwb3Jub29ubGluZS5jbHViggtiZXN0c2V4LndpboIOYmV0Z2FtaW5nLmRhdGWCDmNlbnRyYWxkeGIuY29tghJkcm9jaGltemRlcy5zdHJlYW2CC2dsb2J0ZWNoLmlughNodWxzdHByZXNlbnRlZXJ0Lm5sghRpbmd5ZW5lcy1qYXRla29rLm5ldIIJaW90cy5jYXJlggxsaWdodHNleC5iaWSCEWxpdmVjYXNpbm93aW4ud2lughBtaXJhdnRvbWF0b3YubWVuggtuY2FzLmVkdS5pboIJbmNlLmFjLmlugg1uaW1zYWxhaW4uY29tggtuaW1zZHhiLmNvbYILbmltc3Noai5jb22CEW9ubGluZWJldC5jcmlja2V0gg1veGZvcmQuZWR1Lmlugg5veGZvcmRraWRzLm5ldIITb3hmb3Jka29sbGFtLmVkdS5pboIOcGxheWNhc2luby5tZW6CC3Bvcm5ib3kudG9wgg5wb3Jub2dpcmwuc2l0ZYIQcG9ybm9tYW5pYS5wYXJ0eYIOcG9ybnZpZGVvLmRhdGWCFXByb3N0aXR1dGtpbW9zY293LmJpZIITc2V4LW9uLXBhcnR5LnN0cmVhbYILc2V4aW5mby5iaWSCHXNtYWxsZG9nYnJlZWRzaW5mb3JtYXRpb24uY29tghV0aGVnb3BhbGFrcmlzaG5hbi5jb22CC3RoZW1vZGVsLmFlgg12aWR0b21wMy5pbmZvgg52dWxrYW5hemFydC51c4IRd2luLXBhcmltYXRjaC53aW6CDXdpbmNhc2luby5tZW6CDnlvdXR1YmUtbXAzLmh1gg55b3V0dWJlLW1wMy51azAKBggqhkjOPQQDAgNIADBFAiEA+0UIyBIwWvpPe4DsOnvedOwazvKXAPWZqSbVojPd3CwCIGuyd7uLF4F4/H5EeRBkylYxSK2Ea1AXvVn7BBYBcCvY,sni41271.cloudflaressl.com *.alarifhospital.com *.azartcasino.win *.azartopravdan.win *.bestpornoonline.club *.bestsex.win *.betgaming.date *.centraldxb.com *.drochimzdes.stream *.globtech.in *.hulstpresenteert.nl *.ingyenes-jatekok.net *.iots.care *.lightsex.bid *.livecasinowin.win *.miravtomatov.men *.ncas.edu.in *.nce.ac.in *.nimsalain.com *.nimsdxb.com *.nimsshj.com *.onlinebet.cricket *.oxford.edu.in *.oxfordkids.net *.oxfordkollam.edu.in *.playcasino.men *.pornboy.top *.pornogirl.site *.pornomania.party *.pornvideo.date *.prostitutkimoscow.bid *.sex-on-party.stream *.sexinfo.bid *.smalldogbreedsinformation.com *.thegopalakrishnan.com *.themodel.ae *.vidtomp3.info *.vulkanazart.us *.win-parimatch.win *.wincasino.men *.youtube-mp3.hu *.youtube-mp3.uk alarifhospital.com azartcasino.win azartopravdan.win bestpornoonline.club bestsex.win betgaming.date centraldxb.com drochimzdes.stream globtech.in hulstpresenteert.nl ingyenes-jatekok.net iots.care lightsex.bid livecasinowin.win miravtomatov.men ncas.edu.in nce.ac.in nimsalain.com nimsdxb.com nimsshj.com onlinebet.cricket oxford.edu.in oxfordkids.net oxfordkollam.edu.in playcasino.men pornboy.top pornogirl.site pornomania.party pornvideo.date prostitutkimoscow.bid sex-on-party.stream sexinfo.bid smalldogbreedsinformation.com thegopalakrishnan.com themodel.ae vidtomp3.info vulkanazart.us win-parimatch.win wincasino.men youtube-mp3.hu youtube-mp3.uk,1507507200,1524009599
sabre.ct.comodo.com,16093969,7b560706d5d4fe5fc69bf55483fb13388efb0645b22a4c9fb044f60746979530,MIIFBzCCA++gAwIBAgISA0kJNb04eT5/DdwAYIW6/vxOMA0GCSqGSIb3DQEBCwUAMEoxCzAJBgNVBAYTAlVTMRYwFAYDVQQKEw1MZXQncyBFbmNyeXB0MSMwIQYDVQQDExpMZXQncyBFbmNyeXB0IEF1dGhvcml0eSBYMzAeFw0xNzEwMTIwMTQzMjJaFw0xODAxMTAwMTQzMjJaMB0xGzAZBgNVBAMTEnd3dy5naWxnaWxtb3VyLmNvbTCCASIwDQYJKoZIhvcNAQEBBQADggEPADCCAQoCggEBAL80MOA204J6YvMYLq8lY8n89fSz/y1Dpod53Smu8UC1TrgySfbpX3S7xNGnCwn5m3rhJmFrFzVQxu650xagRxkhWjG3V8Q6R/FAJyjEgDBgVkavVkl5+4XTWrPyScpnkeolgteYuuczSU6m5qSLUrYwSfOGZr7Ufd+jW/TKRhd8oOHNpqWdc6h21QXxPb1MiPHhP2YvMRuFsL5FakjehSr5qoWq5ie9itcRkkqM/R1VUBEDv1n4qR/CjTdZu3ssbUf3EraiC+mcOa8JpWuzRxKLOsSVTdzw1gCkkbDBShafebJe4VPiXp3Ow4f91WkYD0Ml+No/4uYMM7JloyCaET0CAwEAAaOCAhIwggIOMA4GA1UdDwEB/wQEAwIFoDAdBgNVHSUEFjAUBggrBgEFBQcDAQYIKwYBBQUHAwIwDAYDVR0TAQH/BAIwADAdBgNVHQ4EFgQUSVPbNU3Fd5nbyoQiqZklL1tGiOMwHwYDVR0jBBgwFoAUqEpqYwR93brm0Tm3pkVl7/Oo7KEwbwYIKwYBBQUHAQEEYzBhMC4GCCsGAQUFBzABhiJodHRwOi8vb2NzcC5pbnQteDMubGV0c2VuY3J5cHQub3JnMC8GCCsGAQUFBzAChiNodHRwOi8vY2VydC5pbnQteDMubGV0c2VuY3J5cHQub3JnLzAdBgNVHREEFjAUghJ3d3cuZ2lsZ2lsbW91ci5jb20wgf4GA1UdIASB9jCB8zAIBgZngQwBAgEwgeYGCysGAQQBgt8TAQEBMIHWMCYGCCsGAQUFBwIBFhpodHRwOi8vY3BzLmxldHNlbmNyeXB0Lm9yZzCBqwYIKwYBBQUHAgIwgZ4MgZtUaGlzIENlcnRpZmljYXRlIG1heSBvbmx5IGJlIHJlbGllZCB1cG9uIGJ5IFJlbHlpbmcgUGFydGllcyBhbmQgb25seSBpbiBhY2NvcmRhbmNlIHdpdGggdGhlIENlcnRpZmljYXRlIFBvbGljeSBmb3VuZCBhdCBodHRwczovL2xldHNlbmNyeXB0Lm9yZy9yZXBvc2l0b3J5LzANBgkqhkiG9w0BAQsFAAOCAQEAgrtu5tkcTMNBh8knzFL1Sy0ITH1MfS0bRYoTKHyAy7DdYQvPNEmmdmJWd7aao0wsqk+0+Muit+A2QzrcusL0WOKfzVl3zKfi3fAbwAFsDoGao6Bezfql4lv40NQxN4tpOUxWF/gnz301m4r8xOcEYXTXPVHf/i1xRdMTnAcbsxU8mGh9EaNJ+T2SS7xgpx4AwJud9d24vKWq/Sf8U+6sk+CQZIC3r30xIAAOLzQTPzGqpSFxNdhdTW5pVVt7QH1qPhRwxjbLdHJK2p10+wEMCdABwMCVwlrV4VZ6XeLVHQLNbIC0zIqY1C70dpGlKqMYjAOYacIkbWpDChBSBnHA/g==,www.gilgilmour.com,1507772602,1515548602
sabre.ct.comodo.com,16093970,7b560706d5d4fe5fc69bf55483fb13388efb0645b22a4c9fb044f60746979530,MIIFFTCCA/2gAwIBAgISA2qFE0Vy7p8/CEv3ouNo30XAMA0GCSqGSIb3DQEBCwUAMEoxCzAJBgNVBAYTAlVTMRYwFAYDVQQKEw1MZXQncyBFbmNyeXB0MSMwIQYDVQQDExpMZXQncyBFbmNyeXB0IEF1dGhvcml0eSBYMzAeFw0xNzEwMTIwMTQzMjFaFw0xODAxMTAwMTQzMjFaMCQxIjAgBgNVBAMTGXd3dy5jb21tdW5pdHktbGF3eWVycy5vcmcwggEiMA0GCSqGSIb3DQEBAQUAA4IBDwAwggEKAoIBAQCWpK56/C3BPxGvKf1GSGdFrUFvYk18PGAvNQ1PW5E2cRM4AY6paV4qkQ3+jC82dh1WOMVKCTpb50ORTfdWh+ykP8B9LYNVT+XYH0AV8yDZfcSF1EKlqkhsEn4exLJqN4ZVlA5aHcfbvAmiZFH4jpr9oTiRe9oVf6iaZqHHvAsa99j9QTEjakaUEptyCM6tLxmhK0CMlGh6llHRndv3o32HDOQDYZ72R59k7LTcMi3oDn0jk3iSjDrmgEBZVx2zMUmA+I0tLHOgTdQe46Es6pUNYg2a9Mwrk9xSTl+YQsXnaqON4HiGgNytI14TG3imjzatPaItHrZ7GUD0mCdw9hOXAgMBAAGjggIZMIICFTAOBgNVHQ8BAf8EBAMCBaAwHQYDVR0lBBYwFAYIKwYBBQUHAwEGCCsGAQUFBwMCMAwGA1UdEwEB/wQCMAAwHQYDVR0OBBYEFO0owhADHQWXkbeulD/ZnV0kw8EuMB8GA1UdIwQYMBaAFKhKamMEfd265tE5t6ZFZe/zqOyhMG8GCCsGAQUFBwEBBGMwYTAuBggrBgEFBQcwAYYiaHR0cDovL29jc3AuaW50LXgzLmxldHNlbmNyeXB0Lm9yZzAvBggrBgEFBQcwAoYjaHR0cDovL2NlcnQuaW50LXgzLmxldHNlbmNyeXB0Lm9yZy8wJAYDVR0RBB0wG4IZd3d3LmNvbW11bml0eS1sYXd5ZXJzLm9yZzCB/gYDVR0gBIH2MIHzMAgGBmeBDAECATCB5gYLKwYBBAGC3xMBAQEwgdYwJgYIKwYBBQUHAgEWGmh0dHA6Ly9jcHMubGV0c2VuY3J5cHQub3JnMIGrBggrBgEFBQcCAjCBngyBm1RoaXMgQ2VydGlmaWNhdGUgbWF5IG9ubHkgYmUgcmVsaWVkIHVwb24gYnkgUmVseWluZyBQYXJ0aWVzIGFuZCBvbmx5IGluIGFjY29yZGFuY2Ugd2l0aCB0aGUgQ2VydGlmaWNhdGUgUG9saWN5IGZvdW5kIGF0IGh0dHBzOi8vbGV0c2VuY3J5cHQub3JnL3JlcG9zaXRvcnkvMA0GCSqGSIb3DQEBCwUAA4IBAQAVzqFtWbs2oXrnUQx7pejzyULX2p14cPo7TuGkC3EyBOEpZOUbSudQ9hKuzAF0oKQWMRNMqtNzI/uKzBM07V3jnlegFgiCzqjCd/J9akS7jl7FgAgBQEyRq5kFJ3AmaeWDshiN23R8j65QKctk6manzjkkoFGz/DVsECYR/48qP3MZzDxEyMXxqQlb1CANxa8NalpbClo2/W5zD7K6p08/xs3210HTDq8xUYAKaa5NjOT0Utko785Aeoz2+TX93ecB5B3VqKY2vS+MuBwSlgEW+XQ7MFfWKIhCV5nPy4Ak5k+YmczhBTao5fD31/YbASxve+Fh1nbiQE1xAodSNlhG,www.community-lawyers.org,1507772601,1515548601
sabre.ct.comodo.com,16093971,b1fbaca2cc8aca30f3f106c49c3b1b882eb0a67f11eeaea71a3987b5c1bddd86,MIIFbzCCBFegAwIBAgIQVplULKzbVi6eIJBJfeHiozANBgkqhkiG9w0BAQUFADCBjjELMAkGA1UEBhMCR0IxGzAZBgNVBAgTEkdyZWF0ZXIgTWFuY2hlc3RlcjEQMA4GA1UEBxMHU2FsZm9yZDEaMBgGA1UEChMRQ09NT0RPIENBIExpbWl0ZWQxNDAyBgNVBAMTK0NPTU9ETyBEb21haW4gVmFsaWRhdGlvbiBMZWdhY3kgU2VydmVyIENBIDIwHhcNMTcwOTI2MDAwMDAwWhcNMTgwNDA0MjM1OTU5WjBrMSEwHwYDVQQLExhEb21haW4gQ29udHJvbCBWYWxpZGF0ZWQxIDAeBgNVBAsTF0xlZ2FjeSBNdWx0aS1Eb21haW4gU1NMMSQwIgYDVQQDExtzc2w0NzEwNDAuY2xvdWRmbGFyZXNzbC5jb20wggEiMA0GCSqGSIb3DQEBAQUAA4IBDwAwggEKAoIBAQCg0CsEfl++LdYWhWHuUoOh8F+46WmNCBOaHfpF/KbIV4S8lNnU9w8xKqJ9pl67z39Sv+l8xoreo4zGFNQ2P4fZGEnlHF4eCewf7dISwCH1WaXtE7pLp4B2SW0KYEMQ9fTSoVVn3T/HvLbMRDGhTLpfVyWpqFYFA9PTXqm/CmkOvUdaWc6ZzFJvDft5RqRh1zBJJOnJ5I2pwylHuAyhyJlOaiMg5yiVm3k5EVRaJUYO13HodQQo026bmNm6m+ZleG1JrCOPGqCyD11ZT1ctwvJ/t9ICGbNVH6r8RDOawmg6FPVkIofR86u+7pHxSyczA+6+0guFX+QdJA4YbcaqztEhAgMBAAGjggHpMIIB5TAfBgNVHSMEGDAWgBSZjgKVxR5VInuHcIteHAHCdsSu6DAdBgNVHQ4EFgQUHAItmPhNZSicrN4knE/JNvwr/0YwDgYDVR0PAQH/BAQDAgWgMAwGA1UdEwEB/wQCMAAwHQYDVR0lBBYwFAYIKwYBBQUHAwEGCCsGAQUFBwMCMEUGA1UdIAQ+MDwwOgYLKwYBBAGyMQECAgcwKzApBggrBgEFBQcCARYdaHR0cHM6Ly9zZWN1cmUuY29tb2RvLmNvbS9DUFMwUwYDVR0fBEwwSjBIoEagRIZCaHR0cDovL2NybC5jb21vZG9jYTQuY29tL0NPTU9ET0RvbWFpblZhbGlkYXRpb25MZWdhY3lTZXJ2ZXJDQTIuY3JsMIGFBggrBgEFBQcBAQR5MHcwTgYIKwYBBQUHMAKGQmh0dHA6Ly9jcnQuY29tb2RvY2E0LmNvbS9DT01PRE9Eb21haW5WYWxpZGF0aW9uTGVnYWN5U2VydmVyQ0EyLmNydDAlBggrBgEFBQcwAYYZaHR0cDovL29jc3AuY29tb2RvY2E0LmNvbTBCBgNVHREEOzA5ghtzc2w0NzEwNDAuY2xvdWRmbGFyZXNzbC5jb22CDSouY2JleGFtcy5jb22CC2NiZXhhbXMuY29tMA0GCSqGSIb3DQEBBQUAA4IBAQBATTNjdFqLAGtnYVUl9/PN/sglurttS4joKn7ajAiaPAsqEXjM+D65qgVopUYw8npCDxl9AtegrlvGUFxYblhZNBdDIRdj1VuiWJ5VKokYNkR6Q1wCnWpLeD6YJlvbWYJRddCZNPAJAfHM2P3G0s5/xCFUAEeno706FYT67bu6N8Xn84QgrIP8K5K8SlTNcyNYaR+CHDtTGTHywsOiAq2EC6yq04HWXlko7B+96Oc+DMpV/G26BjwkDD9YegI0ekiL8ZupcAKUSvd8TsDiMHssxEgJ6zAj0LrZ4k83Gk5st+d+rDotfzrJ5q90SxGAmHNxgE+ZCySd1w5t10RyovNj,ssl471040.cloudflaressl.com *.cbexams.com cbexams.com,1506384000,1522886399
sabre.ct.comodo.com,16093972,7b560706d5d4fe5fc69bf55483fb13388efb0645b22a4c9fb044f60746979530,MIIFWzCCBEOgAwIBAgISAwF9NMNK9Bw4krHDPpUIyr8HMA0GCSqGSIb3DQEBCwUAMEoxCzAJBgNVBAYTAlVTMRYwFAYDVQQKEw1MZXQncyBFbmNyeXB0MSMwIQYDVQQDExpMZXQncyBFbmNyeXB0IEF1dGhvcml0eSBYMzAeFw0xNzEwMTIwMTQzMjFaFw0xODAxMTAwMTQzMjFaMDExLzAtBgNVBAMTJmxhdWRvcy5pbnN0aXR1dG9yZWdpb25hbGRlc2F1ZGUuY29tLmJyMIIBIjANBgkqhkiG9w0BAQEFAAOCAQ8AMIIBCgKCAQEA2ACZxKPxrocFu4iG2l8ZHlQB/NDCxF8WTdfCJfRvyto0ZuwD3RKIy0lufsEinOACl2zPok9HCOS0am9DcJARc2ZxjqV4kychaXC4pOfC8CZ5CDUpsktXFYDQo0kq3hODK2rlsGHaON1wY5jinDrxLYMcXjsc4cZuxYyuD9gN6JuCtzTcBftMRWNx6hLKDOGOekW2+HKOyYY6gtz3sTTgnWEvAPXhGTR3jFyYx2jT4PJ98W8r2xDrRUSYmMDJ6Wu3ZNlVVOuAxadtpCItzssW7dFmryQer0WCd2FksUF0z1Y4swmQ2YMZAqfBJsdC+mDfr2xuecxecqVt69FlBsZV0wIDAQABo4ICUjCCAk4wDgYDVR0PAQH/BAQDAgWgMB0GA1UdJQQWMBQGCCsGAQUFBwMBBggrBgEFBQcDAjAMBgNVHRMBAf8EAjAAMB0GA1UdDgQWBBSXdfNL8NJWQorhJMWTEvhIPanEDDAfBgNVHSMEGDAWgBSoSmpjBH3duubRObemRWXv86jsoTBvBggrBgEFBQcBAQRjMGEwLgYIKwYBBQUHMAGGImh0dHA6Ly9vY3NwLmludC14My5sZXRzZW5jcnlwdC5vcmcwLwYIKwYBBQUHMAKGI2h0dHA6Ly9jZXJ0LmludC14My5sZXRzZW5jcnlwdC5vcmcvMF0GA1UdEQRWMFSCJmxhdWRvcy5pbnN0aXR1dG9yZWdpb25hbGRlc2F1ZGUuY29tLmJygip3d3cubGF1ZG9zLmluc3RpdHV0b3JlZ2lvbmFsZGVzYXVkZS5jb20uYnIwgf4GA1UdIASB9jCB8zAIBgZngQwBAgEwgeYGCysGAQQBgt8TAQEBMIHWMCYGCCsGAQUFBwIBFhpodHRwOi8vY3BzLmxldHNlbmNyeXB0Lm9yZzCBqwYIKwYBBQUHAgIwgZ4MgZtUaGlzIENlcnRpZmljYXRlIG1heSBvbmx5IGJlIHJlbGllZCB1cG9uIGJ5IFJlbHlpbmcgUGFydGllcyBhbmQgb25seSBpbiBhY2NvcmRhbmNlIHdpdGggdGhlIENlcnRpZmljYXRlIFBvbGljeSBmb3VuZCBhdCBodHRwczovL2xldHNlbmNyeXB0Lm9yZy9yZXBvc2l0b3J5LzANBgkqhkiG9w0BAQsFAAOCAQEAMQxvydAmgAFZsxH52AvWKUuxtQeuXI9SbciLKjda6b17W6gAtLFMMNevduDpkQhHtW+AifJUToTL1EXEIAN5Ktg9oqusOCi3sF00istcWuzCJDf9pCuHu3c97iST3vg76rxhXSxzjn917UBT29SnwlEixZSfn6h2UVnu8POckMRWDLFgN7+vsbY1eeoS/X2uEqRRKCXDMsr55GrNy89yd/taizB7qqcBaoNYZxmUpqdzx0qd6kik4tK5FnjtiPIoLPHEt+Ewz86+WP/edcZVDwMcMNDCSES5yXA4Jq2WCP9BVoXS80ANwDXLG9xkFgrgd3TLLVXufEXJopfMOqcrEA==,laudos.institutoregionaldesaude.com.br www.laudos.institutoregionaldesaude.com.br,1507772601,1515548601
sabre.ct.comodo.com,16093973,c42a3610d1abb567bf653174cf6e7e4b4eb4ab19ac71928db03d300861168a69,MIIFcjCCBFqgAwIBAgIQBsfFhwZhFd3/7WldezyrITANBgkqhkiG9w0BAQUFADB5MQswCQYDVQQGEwJVUzELMAkGA1UECBMCQ0ExFjAUBgNVBAcTDVNhbiBGcmFuY2lzY28xGTAXBgNVBAoTEENsb3VkRmxhcmUsIEluYy4xKjAoBgNVBAMTIUNsb3VkRmxhcmUgSW5jIENvbXBhdGliaWxpdHkgQ0EtMzAeFw0xNzA5MjkwMDAwMDBaFw0xODA4MTAxMjAwMDBaMG8xCzAJBgNVBAYTAlVTMQswCQYDVQQIEwJDQTEWMBQGA1UEBxMNU2FuIEZyYW5jaXNjbzEZMBcGA1UEChMQQ2xvdWRGbGFyZSwgSW5jLjEgMB4GA1UEAxMXd2Fsa2luZy1lbGVwaGFudHMuY2xpY2swggEiMA0GCSqGSIb3DQEBAQUAA4IBDwAwggEKAoIBAQDRRlLAYxwVWc0vF7Nl/lFnMZOY07PxakxRJ3qzIMFYmGvIIrW2rh7w5CewVnB8LkNVlYB+n8DI2ukq0/o0qWQyKF7+CDznRQa/oFgLEVtnP3S5QwouogiLiCeNnlH4lKA87MsPnlCPdf2bkQg9FwWcm+stzJHVMVXyHZYnABtYLYrJ4ZD/AhI3ozg2B7gkQ1hRAxrHsKB9cr8GXPQBneDBjmcUtWTW+RRAkiXNQWdYNahRvc2yar13NKjmY+Ly7MTxZPJvFRZidtjlILiy7BpJAYyi8bbvTydy77cvVGGvSypoQa8Ydzdr0XY/NGCCqFlbCU3cfXhZfuxet1Z2M9qNAgMBAAGjggH+MIIB+jAfBgNVHSMEGDAWgBSXScX2hBRz33O6zKlmuvmmPFnGrjAdBgNVHQ4EFgQUkPoX7jjnUUswB8FeQVgDCSGfOOQwIgYDVR0RBBswGYIXd2Fsa2luZy1lbGVwaGFudHMuY2xpY2swDgYDVR0PAQH/BAQDAgWgMB0GA1UdJQQWMBQGCCsGAQUFBwMBBggrBgEFBQcDAjCBjwYDVR0fBIGHMIGEMECgPqA8hjpodHRwOi8vY3JsMy5kaWdpY2VydC5jb20vQ2xvdWRGbGFyZUluY0NvbXBhdGliaWxpdHlDQTMuY3JsMECgPqA8hjpodHRwOi8vY3JsNC5kaWdpY2VydC5jb20vQ2xvdWRGbGFyZUluY0NvbXBhdGliaWxpdHlDQTMuY3JsMEIGA1UdIAQ7MDkwNwYJYIZIAYb9bAEBMCowKAYIKwYBBQUHAgEWHGh0dHBzOi8vd3d3LmRpZ2ljZXJ0LmNvbS9DUFMwgYAGCCsGAQUFBwEBBHQwcjAkBggrBgEFBQcwAYYYaHR0cDovL29jc3AuZGlnaWNlcnQuY29tMEoGCCsGAQUFBzAChj5odHRwOi8vY2FjZXJ0cy5kaWdpY2VydC5jb20vQ2xvdWRGbGFyZUluY0NvbXBhdGliaWxpdHlDQS0zLmNydDAMBgNVHRMBAf8EAjAAMA0GCSqGSIb3DQEBBQUAA4IBAQCaXk8gTVOs8TP7oJM+l8zWaFh6NzBeh3c8qgKTc+6lq+z9kUDrl43YaLwx4fp2/ORNugblqc2FlVt2Ez+xlxyzY4rIljATJxYIX5r2XMRKpEvvvX+8TiNNPSvn77Bnq8EZuy5xzefEgv8IR429IhqbEJdB6bfxaWeNCAmRmIZuJ3lYLI3vv4+I29NPyzz9Fm5qTDK/DYueR6jUQS73ZL1FslNqQRvwcNIJQ3Q5cOYVkFoo4vjzcJPNwNjQQKg8spRvv4BnUyjbIe9pRENJY43/Qh2Y3+A4eCWENLoAsfnVnLuU8BnJJ8AkDoCvN6YzjVIfK6m8dbODbOggtARf6zo5,walking-elephants.click,1506643200,1533902400
sabre.ct.comodo.com,16093974,7b560706d5d4fe5fc69bf55483fb13388efb0645b22a4c9fb044f60746979530,MIIE/zCCA+egAwIBAgISAz1Bl+VZQwR0Jzm7z8kOSLc6MA0GCSqGSIb3DQEBCwUAMEoxCzAJBgNVBAYTAlVTMRYwFAYDVQQKEw1MZXQncyBFbmNyeXB0MSMwIQYDVQQDExpMZXQncyBFbmNyeXB0IEF1dGhvcml0eSBYMzAeFw0xNzEwMTIwMTQzMTVaFw0xODAxMTAwMTQzMTVaMBkxFzAVBgNVBAMTDmFwaS5jYXJzb21lLm15MIIBIjANBgkqhkiG9w0BAQEFAAOCAQ8AMIIBCgKCAQEArTNWE94Gxq5/UpLqewl0qfuGKHgA5ZllfNEOCD4x1+JisGLxdmyJqPPXi7omzwWNuzIJVDeovoW0rnKeSdNx/LtsgOZcPX43HSe3ptnpurO9MOgmgvhhvFxRZJSjTAQXZ2IETE8eE98ikLkjpLJwzQrI97Py7kVfOV4kN6B2S60GpF1lvRVbyur/xMZw8b5S2LUhzxlrPsFbpqB0a+iSawbBu3o2cx5x57j+6K/5SBlCARswcgW6/NALLUJ853PcYQcU/BRvu6sGsoVDWtaRcvcYq2mWQl+x06la/Vju1MTgRe5XQy60JLNk7ElGV2dXfwsr1PjtWLbyvoW0t+VQMwIDAQABo4ICDjCCAgowDgYDVR0PAQH/BAQDAgWgMB0GA1UdJQQWMBQGCCsGAQUFBwMBBggrBgEFBQcDAjAMBgNVHRMBAf8EAjAAMB0GA1UdDgQWBBRn3ufF1BNuOBPvbwqirCELcR7H5jAfBgNVHSMEGDAWgBSoSmpjBH3duubRObemRWXv86jsoTBvBggrBgEFBQcBAQRjMGEwLgYIKwYBBQUHMAGGImh0dHA6Ly9vY3NwLmludC14My5sZXRzZW5jcnlwdC5vcmcwLwYIKwYBBQUHMAKGI2h0dHA6Ly9jZXJ0LmludC14My5sZXRzZW5jcnlwdC5vcmcvMBkGA1UdEQQSMBCCDmFwaS5jYXJzb21lLm15MIH+BgNVHSAEgfYwgfMwCAYGZ4EMAQIBMIHmBgsrBgEEAYLfEwEBATCB1jAmBggrBgEFBQcCARYaaHR0cDovL2Nwcy5sZXRzZW5jcnlwdC5vcmcwgasGCCsGAQUFBwICMIGeDIGbVGhpcyBDZXJ0aWZpY2F0ZSBtYXkgb25seSBiZSByZWxpZWQgdXBvbiBieSBSZWx5aW5nIFBhcnRpZXMgYW5kIG9ubHkgaW4gYWNjb3JkYW5jZSB3aXRoIHRoZSBDZXJ0aWZpY2F0ZSBQb2xpY3kgZm91bmQgYXQgaHR0cHM6Ly9sZXRzZW5jcnlwdC5vcmcvcmVwb3NpdG9yeS8wDQYJKoZIhvcNAQELBQADggEBAH0LEntEgeJ3PhyYbMOiFZEhhkLlKp8Kyi6gLtUNa+M0JMdAJMVjkQJqwHHD2r6ISaOaMOkgn8kVgBgqJUwVgD9KVy1zI3sGmF1GeNqKl84E2HSCZrsweMqKWOBR/XtD118iSlqCkkR/zfneFt2+0ButQYgdMyTlmnuUjh++0HRrEGSL0rkMqDfiI9iInNTZ0N06KX/4Y9iPRWChmOvNGiQm1mp+APvrS3Cl8YeuoTb982SAbkHI30JB6tR9b93VOOgHNhDL4yzAVN6HfXFR8+c7ffxzAIDVXbZKa0/jEWekBQJPXNHgCl0TyjBS6RX7CJ4gmY5zuCfHY9qV+Te64cg=,api.carsome.my,1507772595,1515548595
sabre.ct.comodo.com,16093975,b1fbaca2cc8aca30f3f106c49c3b1b882eb0a67f11eeaea71a3987b5c1bddd86,MIIFdzCCBF+gAwIBAgIQQVNYdx+NNPRaPl/qR/9OSzANBgkqhkiG9w0BAQUFADCBjjELMAkGA1UEBhMCR0IxGzAZBgNVBAgTEkdyZWF0ZXIgTWFuY2hlc3RlcjEQMA4GA1UEBxMHU2FsZm9yZDEaMBgGA1UEChMRQ09NT0RPIENBIExpbWl0ZWQxNDAyBgNVBAMTK0NPTU9ETyBEb21haW4gVmFsaWRhdGlvbiBMZWdhY3kgU2VydmVyIENBIDIwHhcNMTcwOTI2MDAwMDAwWhcNMTgwNDA0MjM1OTU5WjBrMSEwHwYDVQQLExhEb21haW4gQ29udHJvbCBWYWxpZGF0ZWQxIDAeBgNVBAsTF0xlZ2FjeSBNdWx0aS1Eb21haW4gU1NMMSQwIgYDVQQDExtzc2w0NzEwMzEuY2xvdWRmbGFyZXNzbC5jb20wggEiMA0GCSqGSIb3DQEBAQUAA4IBDwAwggEKAoIBAQCy9WFcnbnAOdFLyJYtlkUVwOLv1IcMDVbNzNuUuX+eSBEnkZWklK6etc6SjoFNmLTsfp9XxEao+az/mOdmLf71tSLQMHmzG5MoMPr6crJA/OKs1/jqpYl3nGAS+zuaaEJAs4uETVsVI7nPX/U9SV3nAK33+7BN6NjOkYZrXVya9eLUCKgvSjUIHAmugwkesBoQRV0261QZhT5cTtRDKqYpCswbdQWtgeDuC/YwaDRFH55vF9CvuaSdgac04njRBxSAUWldhj+YbZMcOyHocyKb/A8kyGs78aS0xe43uwfrn9gkUxb4I+VGtTq3tFZ/7L+m7R9r5aK5l66sveDCp4QlAgMBAAGjggHxMIIB7TAfBgNVHSMEGDAWgBSZjgKVxR5VInuHcIteHAHCdsSu6DAdBgNVHQ4EFgQUkwmosVzbp+oNOUb4RjON7vL6Y94wDgYDVR0PAQH/BAQDAgWgMAwGA1UdEwEB/wQCMAAwHQYDVR0lBBYwFAYIKwYBBQUHAwEGCCsGAQUFBwMCMEUGA1UdIAQ+MDwwOgYLKwYBBAGyMQECAgcwKzApBggrBgEFBQcCARYdaHR0cHM6Ly9zZWN1cmUuY29tb2RvLmNvbS9DUFMwUwYDVR0fBEwwSjBIoEagRIZCaHR0cDovL2NybC5jb21vZG9jYTQuY29tL0NPTU9ET0RvbWFpblZhbGlkYXRpb25MZWdhY3lTZXJ2ZXJDQTIuY3JsMIGFBggrBgEFBQcBAQR5MHcwTgYIKwYBBQUHMAKGQmh0dHA6Ly9jcnQuY29tb2RvY2E0LmNvbS9DT01PRE9Eb21haW5WYWxpZGF0aW9uTGVnYWN5U2VydmVyQ0EyLmNydDAlBggrBgEFBQcwAYYZaHR0cDovL29jc3AuY29tb2RvY2E0LmNvbTBKBgNVHREEQzBBghtzc2w0NzEwMzEuY2xvdWRmbGFyZXNzbC5jb22CESouZm9yeW91cmxlZ3MuY29tgg9mb3J5b3VybGVncy5jb20wDQYJKoZIhvcNAQEFBQADggEBAIfffrdROTR1rwEw1aqskIKYxuV15ZsUSzqcRvRHaaXBrGfuM6l7TPGEB1It9sUHDOk7ncCvqa4kkyRtc8krbb2c5RW7mYR9J2UdmZxaOtV9qjc1e80M7a4+0e+EnJJEHEkwyVStXofUCj/6EajFsOkEKKQBUZO28F6GdXaHsp1g7Oeo312KzBEWLplT9JmMJWVRl/pljVN5OyQz6vz8O4WJ33igLqx86OkVeHkWHTQLw4ptlkNmcf75aNjCmeKVPLE0JCkx43aa38rTaUKZRHKfmc+eTY1Hc7Je7Vyv0JAZJT7zx0FuALLuXT81qSehL15Pfk8ZrqxCfm14//ELBRs=,ssl471031.cloudflaressl.com *.foryourlegs.com foryourlegs.com,1506384000,1522886399
